,Filename,HV
2,YOLOv3_68.77.csv,15.220292083878551
0,YOLOv3_68.7.csv,15.757567304495918
3,YOLOv3_68.5.csv,16.084840377736803
4,YOLOv3_68.3.csv,17.448538602219493
1,YOLOv3_68.1.csv,18.869852579626894
