,Filename,HV
3,YOLOv3_66.9.csv,115.36999088113599
5,YOLOv3_66.3.csv,115.75744096910616
9,YOLOv3_66.5.csv,116.09700483392487
8,YOLOv3_66.7.csv,116.28738946181335
10,YOLOv3_65.7.csv,116.31334743189831
2,YOLOv3_65.9.csv,116.43199862415612
1,YOLOv3_66.1.csv,116.9300942828948
6,YOLOv3_65.5.csv,117.55773514694872
11,YOLOv3_65.3.csv,118.5074235475924
7,YOLOv3_65.1.csv,121.73609594464503
0,YOLOv3_64.9.csv,123.08922296676552
4,YOLOv3_64.7.csv,124.29114504817974
